source_row_zero_based,track_id,artists,album_name,track_name,popularity,duration_ms,explicit,danceability,energy,key,loudness,mode,speechiness,acousticness,instrumentalness,liveness,valence,tempo,time_signature,track_genre,review_reasons
2926,0jdfbvSdaWvxfAlD20TtNc,Yaşlı Amca,Akşamüstü,Sanki Yapamadım,44,213198,False,0.442,0.567,8,-6.346,0,0.0516,0.238,0.000325,0.0852,0.639,138.616,0,alt-rock,time_signature_zero_review
4131,59gg6zQhSKGVnkT3hWAY3l,Max Richter;Lang Lang,Voyager - Essential Max Richter,The Departure,64,151506,False,0.0,0.0362,0,-22.519,0,0.0,0.994,0.94,0.0958,0.0,0.0,0,ambient,tempo_nonpositive_review; time_signature_zero_review
4379,4acmzQsAeMJa5sGFSog7fu,Dario Marianelli;Jack Liebeck;Benjamin Wallfisch,Jane Eyre - Original Motion Picture Soundtrack,The End of Childhood (feat. Jack Liebeck),55,73266,False,0.0,0.0445,0,-26.44,0,0.0,0.972,0.972,0.0873,0.0,0.0,0,ambient,tempo_nonpositive_review; time_signature_zero_review
4664,1Kb2DqjHRvOcT5xeWtz3t5,Sylvain Chauveau,Des Plumes Dans La Tête,Ferme Les Yeux,53,68493,False,0.0,0.0323,2,-23.636,0,0.0,0.994,0.973,0.0922,0.0,0.0,0,ambient,tempo_nonpositive_review; time_signature_zero_review
6005,4ar1c2LuEYvcyRfPB8lFPC,ORM,Intet • Altet,Fra dyden,26,1478618,False,0.174,0.664,6,-12.485,0,0.0789,0.00128,0.264,0.0543,0.0371,127.958,3,black-metal,duration_over_20_minutes_review
6057,4Vg7M29rIPeLJwYCLHdRh2,ORM,Intet • Altet,"Floden, som kan skabe",23,1455781,False,0.102,0.65,6,-11.909,0,0.0738,0.000163,0.207,0.141,0.0605,158.445,3,black-metal,duration_over_20_minutes_review
6106,5EXgHFaBUzAHZpt9wDcJ7W,ORM,Intet • Altet,Mod døden,21,1431042,False,0.189,0.674,1,-11.322,0,0.0926,3.37e-05,0.0468,0.0874,0.0598,123.603,3,black-metal,duration_over_20_minutes_review
6459,4xExX6cjgFyqKH2YCDCfvy,ORM,Ir,Klippens Lyse Hal,18,1395338,False,0.0858,0.814,6,-7.181,1,0.062,2.3e-05,0.691,0.0963,0.0627,171.799,4,black-metal,duration_over_20_minutes_review
9146,5dyRLxyjgy5orlNd9hNCt0,Frei Gilson,Acoustic Som do Monte,Tu És o Centro (Ao Vivo),49,1357451,False,0.56,0.449,5,-9.882,1,0.0282,0.6,1.43e-05,0.638,0.198,76.004,4,brazil,duration_over_20_minutes_review
10191,5FlcCJAAcAb5crxohyJPL6,Deekline;Ed Solo,Welcome To The Jungle: The Ultimate Jungle Cakes Drum & Bass Compilation,Welcome To The Jungle - Continuous DJ Mix Pt. 1,18,2733257,False,0.634,0.898,1,-6.876,1,0.0403,0.00133,0.000459,0.124,0.581,87.499,4,breakbeat,duration_over_20_minutes_review
10739,1HsXpX34EY1c1PaZQIMgdh,Deekline;Ed Solo;Serial Killaz,"Welcome To The Jungle: Drum & Bass X Jungle: Mixed By Deekline, Ed Solo & Serial Killaz","Welcome To The Jungle - Continuous DJ Mix, Pt. 1",11,3274999,False,0.611,0.913,1,-3.601,1,0.0624,0.000645,0.0344,0.0598,0.417,175.009,4,breakbeat,duration_over_20_minutes_review
10796,216ECpehdSfgpyziKJZmUd,Ed Solo;Deekline,"Welcome To The Jungle, Vol. 2: The Ultimate Jungle Cakes Drum & Bass Compilation","Welcome To The Jungle Vol. 2 - Continuous DJ Mix, Pt. 2",11,2523428,False,0.602,0.958,7,-2.743,1,0.0494,0.00167,0.000396,0.105,0.436,175.005,4,breakbeat,duration_over_20_minutes_review
10935,0LBIf9EFHuxmuNig4JHGZo,Timo Maas,Crossing Wires 002 - Compiled And Mixed By Timo Maas,Crossing Wires 002 - Continuous DJ Mix,11,4789026,False,0.697,0.632,1,-12.469,1,0.0451,0.00815,0.871,0.0998,0.151,121.055,4,breakbeat,duration_over_20_minutes_review
10949,0AfIewt6bapCFSHmVjdQZP,Lady Waks,Bass Shakers 2015,"Bass Shakers 2015 - Continuous DJ Mix, Pt. 1",11,2796984,False,0.516,0.899,1,-5.899,1,0.0573,0.00336,0.00168,0.19,0.465,130.572,4,breakbeat,duration_over_20_minutes_review
10984,0LBIf9EFHuxmuNig4JHGZo,Timo Maas,Crossing Wires 002 - Compiled And Mixed By Timo Maas,Crossing Wires 002 - Continuous DJ Mix,11,4789026,False,0.697,0.632,1,-12.469,1,0.0451,0.00815,0.871,0.0998,0.151,121.055,4,breakbeat,duration_over_20_minutes_review
10992,6uRhOHCa1APhYNgsvU1EqF,Deekline;Ed Solo,Welcome To The Jungle: The Ultimate Jungle Cakes Drum & Bass Compilation,Welcome To The Jungle - Continuous DJ Mix Pt. 2,10,2830628,False,0.579,0.915,7,-6.435,1,0.0464,0.00401,0.000546,0.118,0.521,175.013,4,breakbeat,duration_over_20_minutes_review
10998,2ZChiwyj61cwCneXoLBCjK,Ed Solo;Deekline,"Welcome To The Jungle, Vol. 2: The Ultimate Jungle Cakes Drum & Bass Compilation","Welcome To The Jungle Vol. 2 - Continuous DJ Mix, Pt. 1",10,2287542,False,0.598,0.94,10,-2.479,0,0.0562,0.0011,0.000707,0.342,0.473,175.013,4,breakbeat,duration_over_20_minutes_review
11281,7CKOuVDaEs3bK9lI8CVCCN,Gerald Barry;Nicolas Hodges;Britten Sinfonia;Thomas Adès,Beethoven: Complete Symphonies & Barry: Selected Works,Piano Concerto,0,1361079,False,0.442,0.193,7,-18.109,1,0.0573,0.982,0.829,0.0872,0.238,107.135,4,british,duration_over_20_minutes_review
13195,3se0UYprtkHthJEBuk1A5K,Mark Farina,Greenhouse Construction,Greenhouse Construction,12,4334721,False,0.846,0.744,10,-9.26,0,0.0611,0.00371,0.335,0.313,0.532,125.434,4,chicago-house,duration_over_20_minutes_review
13245,13hQAhg1owjTpTcI9xQc6c,Mark Farina,Live In Tokyo,Live In Tokyo - Continuous Mix,11,4339826,False,0.806,0.582,1,-12.181,1,0.0874,0.0083,0.237,0.328,0.686,128.368,4,chicago-house,duration_over_20_minutes_review
13344,3gFme8BdfTtFHxKmuTnSbj,Mark Farina,House of OM (DJ Mix),House of Om - Mark Farina - Continuous Mix,11,4447520,False,0.861,0.805,11,-6.461,0,0.0711,0.00548,0.577,0.135,0.545,129.306,4,chicago-house,duration_over_20_minutes_review
16110,42vD6luOTR1WtATGz1zns9,Soolamangalam Sisters,Sri Skandha Guru Kavasam,Skandha Sashti Kavacham,46,1223800,False,0.677,0.351,2,-16.101,0,0.0509,0.838,0.0,0.0978,0.706,117.443,4,classical,duration_over_20_minutes_review
16113,1C2MHvFmeoFpExBtWOiQ4Z,M. S. Subbulakshmi,Sri Venkatesa Suprabhatham,Sri Venkateshwara Suprabhatham,48,1240944,False,0.605,0.408,7,-7.678,1,0.495,0.955,0.0,0.419,0.798,85.498,3,classical,duration_over_20_minutes_review
16202,0syWP6hExPrVVfq8yVL0oa,Priya Sisters,Lalitha Pancharatnam,Lalitha Sahasranama Sthothram,43,1755311,False,0.54,0.438,9,-8.409,1,0.0765,0.815,0.0,0.388,0.777,89.848,1,classical,duration_over_20_minutes_review
16207,7aRbNtrDwkJh8THFGUAD0A,Franz Schubert;Burak Çebi,Burak Çebi: Bright Spots,Piano Sonata D. 960 in B-Flat Major: I. Allegro moderato,0,1203613,False,0.412,0.0313,10,-25.323,1,0.0454,0.991,0.899,0.0735,0.0387,126.359,4,classical,duration_over_20_minutes_review
16250,7I9xKtogwLsrAWElRo2j3f,Soolamangalam Sisters,Sri Skandha Guru Kavasam,Sri Skandha Guru Kavacham,40,1341746,False,0.64,0.494,0,-8.186,1,0.0592,0.96,0.0,0.0706,0.668,116.006,3,classical,duration_over_20_minutes_review
16274,26Dme5GkC1yX4P2QU9V6Sk,Sergei Rachmaninoff;Talistrio,"Casella, Rachmaninoff & Yamada: Chamber Works","Trio élégiaque No. 2 in D Minor, Op. 9: I. Moderato - Allegro vivace",0,1371693,False,0.175,0.0869,2,-20.248,0,0.0427,0.955,0.251,0.0783,0.0345,78.113,4,classical,duration_over_20_minutes_review
16287,1H16V8BXMLl94lnog8hPZt,Sergei Rachmaninoff;Talistrio,"Casella, Rachmaninoff & Yamada: Chamber Works","Trio élégiaque No. 2 in D Minor, Op. 9: II. Quasi variazione. Andante",0,1452106,False,0.202,0.0329,5,-26.269,1,0.0453,0.968,0.569,0.0842,0.0374,72.341,4,classical,duration_over_20_minutes_review
16314,7ukgPiKTMVFYaXlAjvTCA5,M. S. Subbulakshmi,Bhaja Govindam And Vishnu Sahasranamam,Vishnu Sahasranamam - Dhyanam,39,1798933,False,0.683,0.264,5,-9.791,1,0.336,0.899,0.0,0.141,0.549,101.052,4,classical,duration_over_20_minutes_review
16345,26Dme5GkC1yX4P2QU9V6Sk,Sergei Rachmaninoff;Talistrio,"Casella, Rachmaninoff & Yamada: Chamber Works","Trio élégiaque No. 2 in D Minor, Op. 9: I. Moderato - Allegro vivace",0,1371693,False,0.175,0.0869,2,-20.248,0,0.0427,0.955,0.251,0.0783,0.0345,78.113,4,classical,duration_over_20_minutes_review
16357,5D5nAYobT1ObbVIPQIJblO,Priya Sisters,Sri Venkatesa Suprabatham,Sri Venkatesa Suprabhatam - Language: Tamil,36,1234386,False,0.567,0.29,8,-8.571,1,0.0788,0.807,0.0,0.0527,0.808,101.045,1,classical,duration_over_20_minutes_review
16358,5Aip1LXVUdwm0rozu2b5gx,Soolamangalam Sisters,Kandha Sasti Kavasam,Kandha Sasti Kavasam,38,1315200,False,0.618,0.775,5,-10.07,1,0.0553,0.768,1.14e-06,0.282,0.857,122.178,4,classical,duration_over_20_minutes_review
16417,6kD6phIifemWdUZmmsFP6Q,M. S. Subbulakshmi;T. K. Murthy;V.V.Subramaniam,Sri Venkatesa Suprabhatham,Sri Venkatesa Suprabhatam,35,1229253,False,0.657,0.301,7,-12.549,1,0.766,0.949,0.0,0.28,0.794,100.971,4,classical,duration_over_20_minutes_review
16519,5CMZgcNJX42RykPkdkdGNO,Rattan Mohan Sharma,Ram Dhun,Ram Ram Jai Raja Ram Ram Ram Jai Sita Ram,32,2544561,False,0.645,0.638,1,-8.024,1,0.0349,0.695,0.0,0.0684,0.766,148.153,4,classical,duration_over_20_minutes_review
16611,3qCQ48b1Z7MK0jEmYqS9vr,Pandit Jasraj,Gayatri Mantra,Chanting of the Gayatri Mantra 108 Times,33,2646866,False,0.183,0.274,1,-14.184,1,0.0346,0.95,0.00202,0.0629,0.259,103.624,3,classical,duration_over_20_minutes_review
21822,6jNCeo2QjxhhcK9luJUrIN,Buju Banton;Garnett Silk;Sanchez;Tony Rebel;Richie Stephens;Marcia Griffiths;Mad Cobra;General Degree;Nana Mclean;Jack Radics;Terry Ganzie;Thrilla U;Kultra Knox;Dean Fraser,Reggae Dancehall Riddim: Nanny Goat,Reggae Dancehall Riddim: Nanny Goat,27,2308806,False,0.857,0.626,4,-5.906,1,0.159,0.0833,0.0,0.0566,0.78,84.993,4,dancehall,duration_over_20_minutes_review
24348,6wypxnAvmv5zYewUX3VFDd,Seth Troxler,Seth Troxler - The Lab 03,The Lab 03 - Continuous DJ Mix Part 1,8,4730302,False,0.684,0.656,5,-11.163,0,0.0633,0.0191,0.848,0.103,0.301,123.18,4,detroit-techno,duration_over_20_minutes_review
24747,0nfqrZDDv09LW2U6KexnAg,Kevin Saunderson,History Elevate Remixed,Kevin Saunderson History Elevate - Continuous Mix,5,3676760,False,0.715,0.901,10,-6.449,0,0.0497,0.00437,0.786,0.0596,0.304,130.008,4,detroit-techno,duration_over_20_minutes_review
25798,1PcyypJ70gm6CxTKQvCQiX,Michael Wendler,Der ultimative Wendler Hitmix,Der ultimative Wendler Hitmix XL,30,2959346,False,0.608,0.919,10,-4.071,1,0.036,0.05,5.11e-05,0.139,0.727,130.559,4,disco,duration_over_20_minutes_review
26910,7HSc2wpHlXKIl8SCZK7zsP,Benny Martin,Here Comes the Sun (Piano Instrumental),Here Comes the Sun (Piano Instrumental),18,203705,False,0.329,0.0607,9,-28.31,1,0.0507,0.994,0.88,0.0858,0.421,93.948,0,disney,time_signature_zero_review
27926,6eTDnsdPlRUyrTHqFj3l7W,Lenzman;Dan Stezo,NQ State of Mind,"NQ State of Mind, Vol. 1 - Continuous DJ Mix",15,4246206,True,0.593,0.924,1,-3.979,1,0.0899,0.00369,0.0221,0.534,0.242,173.938,4,drum-and-bass,duration_over_20_minutes_review
28978,3EEJ63VT1FN3sQod8vd4e8,Dirt Monkey,(RE)EVOLUTION VOL. 2,(RE)EVOLUTION VOL. 2,24,1556883,False,0.528,0.78,2,-5.549,1,0.121,0.0277,0.0168,0.185,0.329,125.065,4,dub,duration_over_20_minutes_review
29687,3EEJ63VT1FN3sQod8vd4e8,Dirt Monkey,(RE)EVOLUTION VOL. 2,(RE)EVOLUTION VOL. 2,24,1556883,False,0.528,0.78,2,-5.549,1,0.121,0.0277,0.0168,0.185,0.329,125.065,4,dubstep,duration_over_20_minutes_review
34276,06RHS37mDLAKMaSaMx1uQ8,Nusrat Fateh Ali Khan,The Very Best of Nusrat Fateh Ali Khan - Top 50 Essentials,Yeh Jo Halka Halka Suroor Hai,41,1394442,False,0.519,0.587,3,-13.639,1,0.0601,0.392,0.0,0.631,0.822,137.812,4,folk,duration_over_20_minutes_review
34415,3K2U5XjczEXKxlY1i1WSj6,Nusrat Fateh Ali Khan,Best Urdu Qawwalies,Tum Ek Gorakh Dhanda Ho,40,1817447,False,0.535,0.764,6,-6.867,1,0.0726,0.381,0.0,0.318,0.823,107.729,4,folk,duration_over_20_minutes_review
34504,7v5q8I9T7BJxcKOJRTQLzG,Nusrat Fateh Ali Khan,Best of Ustad Nusrat Fateh Ali Khan,Sanson Ki Mala Pe,38,1800520,False,0.481,0.567,11,-9.486,0,0.034,0.513,1.37e-05,0.346,0.845,141.63,3,folk,duration_over_20_minutes_review
34715,2dJvq5WBUzEao6Qs05Qjbj,Divya Kumar;Priya Saraiya;Ishani Dave;Jigardhan Gadhvi,Chalo Ramiye - Non Stop Garba,Chalo Ramiye - Non Stop Garba,34,1803568,False,0.417,0.802,0,-4.848,0,0.107,0.116,0.0,0.0754,0.634,146.794,4,folk,duration_over_20_minutes_review
34911,5PjqyZ3iFTaQgfSkbIOY1G,Nusrat Fateh Ali Khan,Best of Ustad Nusrat Fateh Ali Khan,Haq Ali Ali Maula,36,1749173,False,0.465,0.815,3,-8.362,0,0.0684,0.558,0.00227,0.856,0.891,107.492,4,folk,duration_over_20_minutes_review
41486,0imibEEte3feHb2duTCsrN,Håkan Hellström,Ett kolikbarns bekännelser,Vaggvisa för flyktbenägna,25,1335413,False,0.405,2.02e-05,11,-8.586,1,0.0488,0.566,0.0869,0.114,0.159,118.088,4,goth,duration_over_20_minutes_review
45063,0PINNy1r5eEILOuHpnjl5d,Estas Tonne,Internal Flight (Remastered),Internal Flight (Remastered),47,3876276,False,0.3,0.64,4,-9.266,0,0.0367,0.946,0.893,0.0783,0.212,159.624,4,guitar,duration_over_20_minutes_review
45670,6B9Mgf9smWqxDjA35VD6MK,Little Symphony,Rialto Beach,Campomoro,22,148711,False,0.0,0.00108,0,-30.204,1,0.0,0.952,0.991,0.242,0.0,0.0,0,guitar,tempo_nonpositive_review; time_signature_zero_review
45720,7i5OoyPXtSrqz9jobJfG1F,Little Symphony,Rialto Beach,Ritornello,23,102000,False,0.0,0.00129,7,-29.445,1,0.0,0.969,0.956,0.123,0.0,0.0,0,guitar,tempo_nonpositive_review; time_signature_zero_review
45729,0pTAEdockvKVSq1hhFqk7O,Little Symphony,Rialto Beach,Amager,22,133624,False,0.0,0.004,0,-28.326,1,0.0,0.97,0.959,0.109,0.0,0.0,0,guitar,tempo_nonpositive_review; time_signature_zero_review
45773,1keWmyG6qyBbMagPBdgUKr,Little Symphony,Rialto Beach,Ionian,22,93125,False,0.0,0.0268,7,-30.1,1,0.0,0.964,0.993,0.124,0.0,0.0,0,guitar,tempo_nonpositive_review; time_signature_zero_review
45900,0nRYzhGf1B9Fc0riFM7KiQ,Estas Tonne,Internal Flight,Internal Flight,34,3876276,False,0.316,0.614,4,-9.397,0,0.0406,0.93,0.871,0.0775,0.19,159.791,4,guitar,duration_over_20_minutes_review
54657,11fyxMVM9AZRGNZLSbCdfA,KASHIWA Daisuke,April.#02 (Live),April.#2 - Live,11,1664000,False,0.295,0.483,0,-8.233,0,0.0414,0.467,0.827,0.17,0.128,101.966,4,idm,duration_over_20_minutes_review
54755,7FZzHVBVdww1P5ZG3QHM5Q,alva noto;Ryuichi Sakamoto,Glass,Glass,10,2218626,False,0.199,0.289,9,-17.806,0,0.0384,0.732,0.573,0.126,0.0343,61.14,4,idm,duration_over_20_minutes_review
55499,1C2MHvFmeoFpExBtWOiQ4Z,M. S. Subbulakshmi,Sri Venkatesa Suprabhatham,Sri Venkateshwara Suprabhatham,48,1240944,False,0.605,0.408,7,-7.678,1,0.495,0.955,0.0,0.419,0.798,85.498,3,indian,duration_over_20_minutes_review
55595,42vD6luOTR1WtATGz1zns9,Soolamangalam Sisters,Sri Skandha Guru Kavasam,Skandha Sashti Kavacham,46,1223800,False,0.677,0.351,2,-16.101,0,0.0509,0.838,0.0,0.0978,0.706,117.443,4,indian,duration_over_20_minutes_review
55949,0syWP6hExPrVVfq8yVL0oa,Priya Sisters,Lalitha Pancharatnam,Lalitha Sahasranama Sthothram,43,1755311,False,0.54,0.438,9,-8.409,1,0.0765,0.815,0.0,0.388,0.777,89.848,1,indian,duration_over_20_minutes_review
59221,5BcyxCXrXuw4vsAqAiObWM,Leila Bela,Angra Manyu,Yes! No! I Mean Yes! No I Don't!,0,38333,False,0.0,0.572,8,-16.286,1,0.0,0.872,0.000175,0.119,0.0,0.0,0,iranian,tempo_nonpositive_review; time_signature_zero_review
59246,5PCcaOGkfqqRIsJzFMz57g,Kiawasch Sahebnassagh,Zarman,"TEN #9+1:For Clarinet,Bass Clarinet,Saxophone Alto,2 Horns,Harp,2 Violins,Viola and Cello,Ensemble Zeitfluss",0,1512600,False,0.156,0.157,1,-19.52,1,0.0396,0.958,0.29,0.97,0.0369,74.34,4,iranian,duration_over_20_minutes_review
59310,6hsyfegVY5yklJneM40mWi,Leila Bela,Angra Manyu,The Exorsism Begins...,0,8586,False,0.0,0.04,8,-29.714,0,0.0,0.928,0.956,0.115,0.0,0.0,0,iranian,tempo_nonpositive_review; time_signature_zero_review
59350,00YTxvwAzd8SfrXdBQU1yZ,Ali Ostovar;Hani Mojtahedy;Shahram Mohamadi,Lalai,Lalai,1,1482242,True,0.148,0.447,5,-16.201,1,0.105,0.921,0.142,0.113,0.0678,74.969,3,iranian,duration_over_20_minutes_review
59473,48Nt8u7kYSTwE6axtE9hJO,Leila Bela,Angra Manyu,Leaving Her Quantum Journey Behind...,0,50186,False,0.0,0.0314,5,-28.194,0,0.0,0.723,6.67e-05,0.129,0.0,0.0,0,iranian,tempo_nonpositive_review; time_signature_zero_review
59508,5F9k1a45FXck5UsbUi1McT,Crows in the Rain,Ashes of the Past,For The World That Sounds Like It's Meaning,3,1234657,False,0.247,0.408,7,-12.522,0,0.0376,0.151,0.703,0.242,0.0435,139.765,4,iranian,duration_over_20_minutes_review
59672,6THY6q592kDcv6smBb05gg,Pé,Inherited Heteronomous Perception,inherited heteronomous perception,0,1331839,False,0.16,0.00246,7,-17.021,1,0.0506,0.612,0.463,0.261,0.023,129.342,4,iranian,duration_over_20_minutes_review
59803,5KSapJotajTcHPTWfPDT94,Crows in the Rain,You Are Dying in My Arms (the Frozen Last Gasps),Chapter V - I'll See You In Elysium,5,1268000,False,0.403,0.134,7,-23.776,0,0.0421,0.995,0.874,0.0961,0.0388,120.132,4,iranian,duration_over_20_minutes_review
59812,38Ogh3rsHba83kXx13gbKs,Leila Bela,Angra Manyu,V-4,0,13386,False,0.0,0.224,11,-22.196,1,0.0,0.97,0.0,0.907,0.0,0.0,0,iranian,tempo_nonpositive_review; time_signature_zero_review
59843,5UVhiRDRO66p5ZrbNAyCpH,Idin Samimi Mofakham,Concertos,Holography (Concerto for Piano and Orchestra),0,1339977,False,0.164,0.259,4,-16.207,1,0.0377,0.696,0.533,0.122,0.035,86.187,4,iranian,duration_over_20_minutes_review
59844,6MnSyZZwLhpcpvQuOyvKES,Zhoobin Askarieh;Ali Sasha,Beyond Tribes,Beyond Tribes Pt. 1,0,1937632,False,0.302,0.692,9,-15.026,1,0.54,0.538,0.0533,0.105,0.177,175.989,4,iranian,duration_over_20_minutes_review
64826,63kd4m3VFxcJjPVVtbVNAu,Louis Armstrong,"Hello, Dolly! (Remastered)","Hello, Dolly!",62,147000,False,0.0,0.405,0,-9.935,1,0.0,0.842,0.00114,0.198,0.0,0.0,0,jazz,tempo_nonpositive_review; time_signature_zero_review
64875,4eHVTOPQkFwoCdO9bkWgeK,Friðrik Karlsson,Móðir og barn,Nýtt líf,37,1203490,False,0.509,0.0715,1,-22.005,1,0.0362,0.978,0.734,0.106,0.0386,119.85,4,jazz,duration_over_20_minutes_review
65475,3oj9ZcytkTaovswquxjzo1,Anuradha Paudwal,Gayatri Mantra,Om Bhurbhuwasah,53,3340672,False,0.719,0.466,3,-9.153,1,0.0417,0.733,1.81e-06,0.0973,0.812,137.159,4,k-pop,duration_over_20_minutes_review
65553,5i5uxOKfjnMA2Yl3Sbke6D,Jagjit Singh,Hey Ram Hey Ram,Hey Ram Hey Ram Shree Ram Dhun,49,1613160,False,0.586,0.411,0,-11.425,1,0.0249,0.741,0.0,0.176,0.683,91.57,4,k-pop,duration_over_20_minutes_review
65744,7CCGHQ9FNc6Ejh9nhy8bGh,Anuradha Paudwal,Shiv Amritwani,Shiv Amritwani,47,2957840,False,0.598,0.623,6,-7.399,0,0.0817,0.817,0.0,0.0538,0.935,143.031,4,k-pop,duration_over_20_minutes_review
65876,4mfj6ay93WO3lvTZ3jXYIR,Anuradha Paudwal,Shri Swami Samarth Taarkmantra,Niah Shank Hoi Re Mana,45,1345998,False,0.582,0.572,10,-7.739,1,0.0353,0.606,0.0,0.0905,0.812,156.966,3,k-pop,duration_over_20_minutes_review
65900,1kR4gIb7nGxHPI3D2ifs59,,,,0,0,False,0.501,0.583,7,-9.46,0,0.0605,0.69,0.00396,0.0747,0.734,138.391,4,k-pop,duration_nonpositive
69935,6i2eqMDQxBNSyRHJD0q0MJ,Immanuel Henry,Hits of Immanuel Henry - Single,Hits Of Immanuel Henry,4,2851109,False,0.382,0.716,0,-5.812,1,0.0497,0.22,0.0,0.377,0.494,119.809,3,malay,duration_over_20_minutes_review
73617,3Cnz3Bu9Wcw8p3kiBTXTxp,Tale Of Us,Unity (Voyage Mix),Unity (Voyage Mix) Pt. 1,35,5237295,False,0.695,0.736,5,-11.371,0,0.0374,0.00399,0.86,0.091,0.0509,124.001,4,minimal-techno,duration_over_20_minutes_review
73840,6JbQr97EMFD2D3Ek6gxgt1,Loco Dice,Amnesia Ibiza - Underground 10,Amnesia Ibiza Underground 10 DJ Mix,17,4563897,False,0.783,0.728,10,-10.176,0,0.0612,0.00158,0.84,0.158,0.189,125.044,4,minimal-techno,duration_over_20_minutes_review
75334,6Oephcg5HwzT4xDM7BcVsf,Paul Cardall,Sleep,Sleep NREM Stage 1,23,1292194,False,0.215,0.068,2,-19.437,1,0.034,0.952,0.869,0.0994,0.0463,68.434,4,new-age,duration_over_20_minutes_review
75519,2YaTch92r8xyQNUEoBhxk8,Paul Cardall,Sleep,Sleep NREM Stage 3,22,1231214,False,0.0652,0.134,2,-23.203,1,0.0372,0.826,0.778,0.108,0.0448,64.258,4,new-age,duration_over_20_minutes_review
75768,7ERSQrRptZVM7q3VOdM7OL,Mike Oldfield,Tubular Bells,Tubular Bells - Pt. I,50,1561133,False,0.374,0.219,4,-19.104,0,0.0343,0.564,0.56,0.114,0.0579,103.535,4,new-age,duration_over_20_minutes_review
76259,5s4sjLD7BUMrRvwFLSDUUC,Josh Groban,Illuminations,Você Existe Em Mim,24,305786,False,0.225,0.716,6,-6.131,1,0.0669,0.215,2.87e-05,0.0986,0.136,153.274,0,opera,time_signature_zero_review
76716,7KHG8MHzxAv0YnLFBWY9Y1,Jean-Baptiste Lully;Mary Enid Haines;Sharla Nafziger;Aradia Ensemble;Kevin Mallon,Lully: Ballet Music for the Sun King,"Le bourgeois gentilhomme: Chaconne des Scaramouches, Frivelins et Arlequins",51,88160,False,0.0,0.0192,6,-28.821,1,0.0,0.936,0.0197,0.138,0.0,0.0,0,opera,tempo_nonpositive_review; time_signature_zero_review
76736,0q0r8JVp4dPZBbmBUsqsgO,Georges Bizet;Maria Callas;Nicolai Gedda;Orchestre de l'Opéra National de Paris;Georges Prêtre;Orchestre du Théâtre National de l'Opéra Paris;Paris Opera Orchestra,Bizet: Carmen,"Carmen (1997 - Remaster), Act I: Quels regardes! Quelle effronterie!",22,55693,False,0.0,0.172,3,-21.578,1,0.0,0.945,8.33e-05,0.85,0.0,0.0,0,opera,tempo_nonpositive_review; time_signature_zero_review
78385,1PcyypJ70gm6CxTKQvCQiX,Michael Wendler,Der ultimative Wendler Hitmix,Der ultimative Wendler Hitmix XL,30,2959346,False,0.608,0.919,10,-4.071,1,0.036,0.05,5.11e-05,0.139,0.727,130.559,4,party,duration_over_20_minutes_review
79999,4gHZlq1u5m89HP96BT3QHk,Dave Brubeck,A Dave Brubeck Christmas,"""Farewell"" Jingle Bells",29,179400,False,0.444,0.00402,2,-35.904,0,0.075,0.996,0.908,0.0599,0.0385,90.026,0,piano,time_signature_zero_review
84158,7kriFJLY2KOhw5en9iI2jb,Pink Floyd,Meddle,Echoes,57,1412451,False,0.285,0.322,6,-16.58,0,0.0445,0.367,0.649,0.107,0.138,133.577,4,psych-rock,duration_over_20_minutes_review
89998,5b4ja1psqZ59QnyrdwudFW,Ronald Borjas;Nando de la Gente;Adelmo Gauna,"Los Pikis Exitos de Salsa Erótica, Vol. 2","Los Pikis Exitos de Salsa Erótica, Vol. 2",40,1534315,False,0.554,0.825,0,-5.457,1,0.0728,0.342,0.0,0.152,0.848,91.464,4,reggaeton,duration_over_20_minutes_review
93111,1JihKsZjTyaqh0sPpOJqxW,Maya Kristalinskaya,Поёт Майя Кристалинская (Remastered),Три товарища - Remastered,26,122206,False,0.0,0.122,7,-20.512,0,0.0,0.987,0.324,0.824,0.0,0.0,0,romance,tempo_nonpositive_review; time_signature_zero_review
95083,5b4ja1psqZ59QnyrdwudFW,Ronald Borjas;Nando de la Gente;Adelmo Gauna,"Los Pikis Exitos de Salsa Erótica, Vol. 2","Los Pikis Exitos de Salsa Erótica, Vol. 2",40,1534315,False,0.554,0.825,0,-5.457,1,0.0728,0.342,0.0,0.152,0.848,91.464,4,salsa,duration_over_20_minutes_review
98298,5Xc02eNu16HWnhEsyJKusZ,Heidi Blickenstaff;Susan Blackwell,[title of show] (Soundtrack From The Musical),Secondary Characters,28,145400,False,0.605,0.383,0,-7.241,1,0.0643,0.801,0.0,0.154,0.364,111.371,0,show-tunes,time_signature_zero_review
98779,2ObXcpK0NlkbEpjLXHZJn4,Daniel Radcliffe;Rose Hemingway;Christopher J. Hanke,How To Succeed In Business Without Really Trying,Act One Finale,21,95280,False,0.0,0.322,7,-8.901,1,0.0,0.757,0.0,0.284,0.0,0.0,0,show-tunes,tempo_nonpositive_review; time_signature_zero_review
101041,4TZh9HGsgaH3qzX40TPsF3,Weißes Rauschen HD,Weißer Lärm Baby Schlaf (Meeresrauschen),Wenn Baby nicht schläft,54,169104,False,0.0,0.28,10,-17.052,1,0.0,0.75,0.932,0.931,0.0,0.0,0,sleep,tempo_nonpositive_review; time_signature_zero_review
101043,4xu38KnbRHbRHRwdg4KFul,Fan Sounds,Box Fan Long Loop For Sleep,Box Fan Long Loop For Sleep,54,500166,False,0.0,2.03e-05,6,-25.556,1,0.0,0.145,0.213,0.114,0.0,0.0,0,sleep,tempo_nonpositive_review; time_signature_zero_review
101048,1ATNhuJASoNNIcGb1eoQGP,Weißes Rauschen HD,"Weißes Geräusch Für Tiefen Schlaf, Tinnitus Und Meditation",Weißes Rauschen: Tiefschlaf,56,94365,False,0.0,0.00601,5,-24.854,1,0.0,0.921,0.24,0.271,0.0,0.0,0,sleep,tempo_nonpositive_review; time_signature_zero_review
101057,5oeF42L73APoIognQDfqsS,Weißes Rauschen HD,Weißer Lärm Baby Schlaf (Meeresrauschen),Qualitätsschlaf,48,214401,False,0.0,0.618,2,-20.881,0,0.0,0.74,0.978,0.854,0.0,0.0,0,sleep,tempo_nonpositive_review; time_signature_zero_review
101058,3hDMlXKXTUfGhsJ5OgLjcd,Weißes Rauschen HD,Weißer Lärm Baby Schlaf (Meeresrauschen),Ich muss jetzt schlafen,49,179501,False,0.0,0.401,10,-17.403,1,0.0,0.818,0.966,0.852,0.0,0.0,0,sleep,tempo_nonpositive_review; time_signature_zero_review
101059,680gfmxE9oPj43uum5USyc,Sleep Baby Sleep;White Noise Babies;White Noise For Baby Sleep;Spa Relaxation;Spa Relaxation & Spa,Soothing Brown Noise Waves and Calming Ambient Combinations (Loopable and without Fade),Soothing Brown Noise Waves,49,93451,False,0.0,2.03e-05,1,-18.75,1,0.0,0.113,0.94,0.363,0.0,0.0,0,sleep,tempo_nonpositive_review; time_signature_zero_review
101060,1ToQuJpkEt7Hw90jOBKnYM,Water Sound Natural White Noise,White Noise Spa – Calming Noises,Noise for Restless Kids,52,61000,False,0.0,2.03e-05,10,-21.258,0,0.0,0.0,0.973,0.132,0.0,0.0,0,sleep,tempo_nonpositive_review; time_signature_zero_review
101061,3rm2WrETcJxFjOawcfiG3h,Sleep Baby Sleep;Meditation Spa;White Noise Therapy;Rain Spa;Rain Shower,White Noise Spa Collection - 50 Shades of Ambience (Loopable and without fade),Pouring Rain - Loopable with No Fade,49,93451,False,0.0,6.19e-05,9,-18.685,1,0.0,0.127,0.999,0.718,0.0,0.0,0,sleep,tempo_nonpositive_review; time_signature_zero_review
101065,3IVQzOYO8JG9Lj41pq98Pf,Weißes Rauschen HD,Weißer Lärm Baby Schlaf (Meeresrauschen),Neugeborene Schlafhilfe,50,199929,False,0.0,0.398,2,-16.889,0,0.0,0.795,0.979,0.931,0.0,0.0,0,sleep,tempo_nonpositive_review; time_signature_zero_review
101076,2iEtlaAIaHUDnsCnUHiVkV,Truesound Village,Sounds for Sleeping and Relaxation,"Long Hairdryer, Fön, Baby Sleeping Sound, Haartrockner, Föhn, Secador, Sèche-cheveux, 电吹风, ドライヤー",48,1736852,False,0.101,0.532,5,-13.299,1,0.0676,0.846,0.476,0.719,1e-05,91.951,4,sleep,duration_over_20_minutes_review
101083,3guM77UfyggID9e6epTkBL,Weißes Rauschen HD,Weißer Lärm Baby Schlaf (Meeresrauschen),Natur eigene Schlafmaschine,48,208105,False,0.0,0.297,7,-20.159,0,0.0,0.761,0.98,0.871,0.0,0.0,0,sleep,tempo_nonpositive_review; time_signature_zero_review
101098,2wY3IEAH3ARw82py4NCXFo,Natural White Noise Relaxation,Baby Sleep White Noise: Ultimate Album to Help Babies Sleep Through the Night,"Water Fall White Noise: Environmental Sounds for Rem Sleep, Dreaming, Masking Tinnitus",49,137693,False,0.0,0.493,10,-16.919,0,0.0,0.161,0.998,0.554,0.0,0.0,0,sleep,tempo_nonpositive_review; time_signature_zero_review
101100,5pGBDKBaR63vuJ4g8ialcU,Water Sound Natural White Noise,White Noise Spa – Calming Noises,Deep Sleep Recovery Noise,76,63000,False,0.0,0.032,1,-30.704,1,0.0,0.916,0.202,0.103,0.0,0.0,0,sleep,tempo_nonpositive_review; time_signature_zero_review
101228,3hs7Lh777aKJugwl0Zq1QF,Rain Sounds,Soft Rain Sleep,Sleep Rain,54,66860,False,0.0,0.0146,1,-19.407,1,0.0,2.65e-06,0.831,0.31,0.0,0.0,0,sleep,tempo_nonpositive_review; time_signature_zero_review
101230,45njeRvYMyB8vT6iIVKEdz,Deep Sleep Brown Noise;Deep Sleep White Noise;Deep Sleep Background Noise;Brown Noise Dreams;Pink Noise,"Brown Noise Dreams (Pure Brown Noise and Ambient Combinations, including Clothes Dryers, Waterfalls, Crickets)",Pure Brown Noise,46,71397,False,0.0,2.01e-05,10,-17.502,0,0.0,0.0,0.124,0.688,0.0,0.0,0,sleep,tempo_nonpositive_review; time_signature_zero_review
101239,4lb7K2xZIydBTL4Sd3T0g3,Deep Sleep Brown Noise;Deep Sleep White Noise;Deep Sleep Background Noise;Brown Noise Dreams;Pink Noise,"Brown Noise Dreams (Pure Brown Noise and Ambient Combinations, including Clothes Dryers, Waterfalls, Crickets)",Pure Brown Noise,44,71397,False,0.0,2.01e-05,10,-17.502,0,0.0,0.0,0.124,0.688,0.0,0.0,0,sleep,tempo_nonpositive_review; time_signature_zero_review
101240,4KjXDCg53Vd5AaGWL8Qnxt,White Noise Sleep Sounds;Sleep Sound Library,Loopable White Noise Sleep Sounds,White Noise - Loopable With No Fade,47,68917,False,0.0,2.03e-05,7,-40.112,1,0.0,0.994,0.0727,0.107,0.0,0.0,0,sleep,tempo_nonpositive_review; time_signature_zero_review
101265,1xZrDvsngI3akwkw8Wt4md,Deep Sleep;Relaxation And Meditation;Relax;Ontspanning Sound;Relajacion Del Mar,White Noise Spa Collection - 50 Shades of Ambience (Loopable and without fade),Pure Brown Noise - Loopable with No Fade,43,71397,False,0.0,2.01e-05,10,-17.502,0,0.0,0.0,0.124,0.688,0.0,0.0,0,sleep,tempo_nonpositive_review; time_signature_zero_review
101268,05ZPVWAZqUTPa4oJA01d45,"Deep Sleep;Sleep Baby Sleep;Lullabies for Deep Meditation;Relax Meditate Sleep;Relaxation;Soothing White Noise for Infant Sleeping and Massage, Crying & Colic Relief","Exhaustive Collection of Soothing Brown Noise, Brown Waves and other Ambiences (Loopable Audios for Ambiance, Meditation, Insomnia, and Restless Children)",Pure Brown Noise - Loopable with no fade,44,71397,False,0.0,2.01e-05,10,-17.502,0,0.0,0.0,0.124,0.688,0.0,0.0,0,sleep,tempo_nonpositive_review; time_signature_zero_review
101269,2MetzfhUMANQ07Fu0liJzj,Loopable;Verter la lluvia,Rain Sounds and other Ambiences (Loopable and without Fade),Pouring Rain - Loopable with No Fade,44,93451,False,0.0,6.19e-05,9,-18.685,1,0.0,0.127,0.999,0.718,0.0,0.0,0,sleep,tempo_nonpositive_review; time_signature_zero_review
101270,40zj6W7wVqeNkfXjSmFQqx,Baby Sweet Dream,Baby White Noise Series - Pure White Noise,Baby White Noise Series - Pure White Noise,43,300000,False,0.0,2.01e-05,6,-33.764,0,0.0,0.69,0.42,0.863,0.0,0.0,0,sleep,tempo_nonpositive_review; time_signature_zero_review
101275,2qOF8MklZW5dw1zzwO7Izx,Granular,Brown Noise For Sleep,Brown Noise For Sleep 3,44,76874,False,0.0,0.836,1,-24.271,0,0.0,0.996,0.997,0.109,0.0,0.0,0,sleep,tempo_nonpositive_review; time_signature_zero_review
101286,6qRzFfo5Cinvew7MNW7c78,White Noise Meditation,Background Noise For Baby Sleep,Fan - Loopable with No Fade,44,66262,False,0.0,2.03e-05,1,-35.106,1,0.0,0.956,0.99,0.173,0.0,0.0,0,sleep,tempo_nonpositive_review; time_signature_zero_review
101287,3d5uEp5qFzZVxlfNAzVIvR,Rain Sounds,Baby Sleep Rain,Relaxing Rain,44,75649,False,0.0,0.000574,2,-19.924,1,0.0,3.51e-06,0.814,0.393,0.0,0.0,0,sleep,tempo_nonpositive_review; time_signature_zero_review
101297,5LCe1aLRmkDknpeNpiva68,Weißes Rauschen HD,"Weißes Geräusch Für Tiefen Schlaf, Tinnitus Und Meditation",Weißes Rauschen: Schlafmittel,43,94365,False,0.0,0.0011,10,-28.22,1,0.0,0.122,0.114,0.123,0.0,0.0,0,sleep,tempo_nonpositive_review; time_signature_zero_review
101317,1CpLV85mVNUsE4kVH8oOty,Nature Sounds,Loopable Rain Sounds,Rain Sounds for Deep Sleep,42,167500,False,0.0,0.612,1,-13.491,0,0.0,0.139,0.975,0.461,0.0,0.0,0,sleep,tempo_nonpositive_review; time_signature_zero_review
101326,2PNxDVjqfTgm3tlibZ2c38,Loopable;Verter la lluvia,Rain Sounds and other Ambiences (Loopable and without Fade),Brown Noise Waves and the Pouring Rain,42,93451,False,0.0,4.28e-05,2,-18.683,1,0.0,0.194,0.999,0.718,0.0,0.0,0,sleep,tempo_nonpositive_review; time_signature_zero_review
101329,6P2lrbOqtKtAdJ30OXKiK3,Sleep Baby Sleep;White Noise Babies;White Noise For Baby Sleep;Spa Relaxation;Spa Relaxation & Spa,White Noise Spa Collection - 50 Shades of Ambience (Loopable and without fade),Soothing Brown Noise Waves,42,93451,False,0.0,2.03e-05,1,-18.75,1,0.0,0.113,0.94,0.363,0.0,0.0,0,sleep,tempo_nonpositive_review; time_signature_zero_review
101330,0IkUTWDCxVIadHAl997Ueq,Meditation Spa;Rain Sounds;Best Relaxing SPA Music;Rain Sounds & Nature Sounds;Rainfall,Appliances and other Household Ambiences (Loopable background noises),Pouring Rain - Loopable with no fade,42,93451,False,0.0,6.19e-05,9,-18.685,1,0.0,0.127,0.999,0.718,0.0,0.0,0,sleep,tempo_nonpositive_review; time_signature_zero_review
101335,3cJbNaXdqRuuEoksg0j7LC,Baby Sweet Dream,Baby White Noise Series - White Noise Collection,Pure White Noise,40,300000,False,0.0,2.01e-05,6,-33.764,0,0.0,0.69,0.42,0.863,0.0,0.0,0,sleep,tempo_nonpositive_review; time_signature_zero_review
101340,2RkiA3TTXvrW1QsEyE6LSu,Granular,Brown Noise For Sleep,Brown Noise For Sleep 4,41,90000,False,0.0,0.375,11,-26.531,1,0.0,0.695,0.423,0.11,0.0,0.0,0,sleep,tempo_nonpositive_review; time_signature_zero_review
101341,0k1SfhHiZblCF11hgTyj0G,Granular,Pink Noise For Sleep,Pink Noise For Sleep 14,42,96448,False,0.0,0.11,10,-29.296,0,0.0,0.932,0.298,0.108,0.0,0.0,0,sleep,tempo_nonpositive_review; time_signature_zero_review
101342,0pVOHvFXPjfx94Io7n4SB9,Granular,Brown Noise For Sleep,Brown Noise For Sleep 2,42,81828,False,0.0,0.00188,2,-24.58,0,0.0,0.933,0.521,0.11,0.0,0.0,0,sleep,tempo_nonpositive_review; time_signature_zero_review
101361,5luOyzGFVbgwOXpHiFxXUm,Silent Knights,White Noise Hoover,Sleeping Hoover,39,256000,False,0.0,0.000734,5,-8.171,0,0.0,0.166,0.951,0.932,0.0,0.0,0,sleep,tempo_nonpositive_review; time_signature_zero_review
101369,5biHe2MTbGvVErVHvFMU9U,Loopable;Verter la lluvia,Loopable Ambience of Brown Noise and Brown Waves,Brown Noise Waves and the Pouring Rain,39,93451,False,0.0,4.28e-05,2,-18.683,1,0.0,0.194,0.999,0.718,0.0,0.0,0,sleep,tempo_nonpositive_review; time_signature_zero_review
101370,1Nq9uiBzxv6NPnIoSOCQaM,"Spa;Spa, Relaxation and Dreams;Relax Meditate Sleep;Loopable;Lullaby Land",White Noise Spa Collection - 50 Shades of Ambience (Loopable and without fade),Clean White Noise,39,72651,False,0.0,2.03e-05,9,-8.327,1,0.0,0.112,0.331,0.663,0.0,0.0,0,sleep,tempo_nonpositive_review; time_signature_zero_review
101374,04TUI0ut3JfAYpubKO4AHj,Water Sound Natural White Noise,White Noise Spa – Calming Noises,Fine Noise for Children,40,63000,False,0.0,0.032,1,-30.704,1,0.0,0.916,0.202,0.103,0.0,0.0,0,sleep,tempo_nonpositive_review; time_signature_zero_review
101375,1tJf9tdBDvK130VCj1VAmt,Sound Sleeping,Sleep (Rain Sounds Compilation),Paradise Rain,39,268471,False,0.0,0.0474,2,-15.677,0,0.0,0.117,0.989,0.79,0.0,0.0,0,sleep,tempo_nonpositive_review; time_signature_zero_review
101376,2bRKxuH1o7pTmb1y4GfdEc,White Noise Baby Sleep;White Noise for Babies,Best White Noise for Baby Sleep - Loopable with No Fade,Clean White Noise - Loopable with no fade,85,90228,False,0.0,0.00342,8,-28.46,1,0.0,0.791,1.0,0.111,0.0,0.0,0,sleep,tempo_nonpositive_review; time_signature_zero_review
101377,6FF4ClqfWoA36QFLaTAkLj,"Deep Sleep;Sleep Baby Sleep;Lullabies for Deep Meditation;Relax Meditate Sleep;Relaxation;Soothing White Noise for Infant Sleeping and Massage, Crying & Colic Relief","Pure Brown Noise and Ambient Combinations, including Clothes Dryers, Waterfalls, Crickets and more (Loopable Audio for Insomnia, Meditation, and Restless Children)",Pure Brown Noise - Loopable with no fade,39,71397,False,0.0,2.01e-05,10,-17.502,0,0.0,0.0,0.124,0.688,0.0,0.0,0,sleep,tempo_nonpositive_review; time_signature_zero_review
101378,3NCQ2kx9od0WsBRBY1EGDR,Sleep Baby Sleep;Ocean Sounds;Ocean Waves For Sleep;Fresh Water Sounds;Relajación,"Soothing Brown Noise, Brown Waves and other Ambeint Sounds for Rest and Ambiance (Loopable and without Fade)",Beach Waves and Soothing Brown Noise,38,93451,False,0.0,0.000252,9,-17.746,0,0.0,0.00948,0.877,0.806,0.0,0.0,0,sleep,tempo_nonpositive_review; time_signature_zero_review
101381,3z36mkQEM5miCcDPnyj6x3,Vacuum Cleaner White Noise;White Noise For Baby Sleep;White! Noise;White Noise for Absolute Sleep;White Noise for Babies,"Vacuums for Rest and Relaxation (Loopable Audio for Insomnia, Meditation, and Restless Children)",Deeper Sounding Vacuum Cleaner 2 - Stationary,39,78739,False,0.0,5.9e-05,3,-7.296,1,0.0,0.996,0.969,0.346,0.0,0.0,0,sleep,tempo_nonpositive_review; time_signature_zero_review
101384,1C0h4SvAveezqMSeAo86XA,White Noise Baby Sleep;White Noise for Babies;White Noise For Baby Sleep;Natural Sounds;Nature & Sounds Backgrounds,"Rain Drop Medley of Roof, Thunder, Forest, Car, and More (Loopable Audio for Insomnia, Meditation, and Restless Children)",The Early Morning Rain,60,87873,False,0.0,0.955,0,-20.356,1,0.0,0.139,0.997,0.425,0.0,0.0,0,sleep,tempo_nonpositive_review; time_signature_zero_review
101390,2QfFLpSGF1T1pY6tq4kD7Z,Ocean Sounds,Ocean Waves Sounds to Relax and Sleep,Ocean Waves Sounds,39,4120258,False,0.0797,0.995,1,-17.379,1,0.0612,0.932,0.562,0.31,1e-05,84.788,3,sleep,duration_over_20_minutes_review
101392,3PYZ33xVLzeavp3DPCw6YX,Granular,Vision,White Noise - BP 228 hz,40,158709,False,0.0,2.02e-05,11,-28.445,0,0.0,0.236,0.307,0.958,0.0,0.0,0,sleep,tempo_nonpositive_review; time_signature_zero_review
101394,2LwKRavO0P1ZM9bjq192mi,Granular,Pink Noise For Sleep,Pink Noise For Sleep 6,39,96448,False,0.0,0.000553,9,-27.035,1,0.0,0.914,0.996,0.109,0.0,0.0,0,sleep,tempo_nonpositive_review; time_signature_zero_review
101396,5O9wvjgMiXWGzZg0b30PuZ,White Noise Baby Sleep;White Noise for Babies;White Noise For Baby Sleep;Natural Sounds;Nature & Sounds Backgrounds,"Gentle Waves, Angry Thunderstorms, Gurgling Rapids and Soothing Waterfalls (Loopable Soundscapes for Insomnia, Meditation, and Restless Children)",The Early Morning Rain,39,87873,False,0.0,0.955,0,-20.356,1,0.0,0.139,0.997,0.425,0.0,0.0,0,sleep,tempo_nonpositive_review; time_signature_zero_review
101397,6BB2d2tQcyBfkxOmayHYXM,White Noise Babies;White Noise For Baby Sleep,Loopable White Noise,Clean White Noise - Loopable With No Fade - White Noise For Baby Sleep Remix,39,67682,False,0.0,2.03e-05,10,-43.046,1,0.0,0.974,0.00105,0.101,0.0,0.0,0,sleep,tempo_nonpositive_review; time_signature_zero_review
101398,2jhzrWv6ut9eieePWaYRC8,Rain Sounds,Soft Rain Sleep,Spa Rain,39,97219,False,0.0,0.00743,8,-19.901,1,0.0,1.46e-06,0.807,0.414,0.0,0.0,0,sleep,tempo_nonpositive_review; time_signature_zero_review
101412,3C32S8W8BBBKfHg3qyNX7E,White Noise Therapy,Pink Noise,Smooth Sailing,38,360000,False,0.0,2.03e-05,2,-16.555,1,0.0,0.951,0.873,0.113,0.0,0.0,0,sleep,tempo_nonpositive_review; time_signature_zero_review
101415,2gsRZ8eccuUBE4slJuSo5o,Rain for Deep Sleep,Rainforest Sleep,Rain Sleep: Deep Forest Rain,38,90874,False,0.0,0.148,8,-25.758,1,0.0,0.00621,0.0798,0.353,0.0,0.0,0,sleep,tempo_nonpositive_review; time_signature_zero_review
101416,28Wnwp5FDBU0vzlU2BbKR0,Pink Noise,Pink Noise for Sleeping,Loopable Pink Noise Flowing Waters,57,216000,False,0.0,0.00066,8,-25.141,1,0.0,0.331,0.289,0.111,0.0,0.0,0,sleep,tempo_nonpositive_review; time_signature_zero_review
101417,0XvG65b2KbCUT4NDvjTAXm,Rain for Deep Sleep;Yoga;The Rain Library,11 Relaxing Rainfall Sounds to Loop and Beat Stress,Continuous Rain,38,162495,False,0.0,0.998,11,-25.885,0,0.0,0.132,0.942,0.891,0.0,0.0,0,sleep,tempo_nonpositive_review; time_signature_zero_review
101437,6oXRqxWfdlRcHq9SpV4CmN,Deep Sleep Hair Dryers;Hair Dryers for Background Noise;Hair Dryer Collection,Hair Dryer Collection for Background Noise,Hair Dryer on Low - Stationary with Slight Swell,38,80310,False,0.0,0.431,0,-9.414,1,0.0,0.163,0.995,0.921,0.0,0.0,0,sleep,tempo_nonpositive_review; time_signature_zero_review
101440,3OTL612aTGvvGbzMuEcdbo,Deep Sleep Hair Dryers;Hair Dryer Collection;Hair Dryer Sounds,Hair Dryers,Hair Dryer Sound 20 - Loopable With No Fade,37,84000,False,0.0,3.05e-05,3,-22.367,1,0.0,0.988,0.991,0.443,0.0,0.0,0,sleep,tempo_nonpositive_review; time_signature_zero_review
101443,2QNQCdk29G9JCPTB0uOvsg,White Noise Babies,Loopable White Noise For Baby Sleep,Clean White Noise - Loopable Without Fade,38,67682,False,0.0,2.03e-05,10,-43.046,1,0.0,0.974,0.00105,0.101,0.0,0.0,0,sleep,tempo_nonpositive_review; time_signature_zero_review
101447,3FCjw9jRcPqw8A9k2ZkJ5p,White Noise Sleep Sounds;Sleep Sound Library,Loopable White Noise Sleep Sounds,Clean White Noise - Loopable With No Fade,38,67682,False,0.0,2.03e-05,10,-43.046,1,0.0,0.974,0.00105,0.101,0.0,0.0,0,sleep,tempo_nonpositive_review; time_signature_zero_review
101448,6LYuiCjFumPNhXReNlTwPt,Weißes Rauschen HD,"Weißes Geräusch Für Tiefen Schlaf, Tinnitus Und Meditation",Weißes Rauschen: Rem-Schlaf,37,92879,False,0.0,0.000164,10,-23.108,1,0.0,0.144,0.535,0.143,0.0,0.0,0,sleep,tempo_nonpositive_review; time_signature_zero_review
101479,2yuPnt1UgSU3FlFuyCnNJI,Fan Sounds,Gentle Box Fan Breeze For Sleep,Gentle Box Fan Breeze For Sleep,37,125884,False,0.0,0.000271,1,-40.795,1,0.0,0.731,0.864,0.389,0.0,0.0,0,sleep,tempo_nonpositive_review; time_signature_zero_review
101483,0MgnRvmrRE0c9kqUcDRySj,White Noise Therapy;Rain Sounds;Natural White Noise for Babies;Nature and Rain;Natural Sounds,"Rain Drop Medley of Roof, Thunder, Forest, Car, and More (Loopable Audio for Insomnia, Meditation and Restless Children)",Pure Brown Noise with Pouring Rain,37,61020,False,0.0,2.03e-05,2,-14.51,1,0.0,0.0,0.0,0.838,0.0,0.0,0,sleep,tempo_nonpositive_review; time_signature_zero_review
101490,3D8hmLjE4XnuDaHwEs1qdt,Deep Sleep Hair Dryers;Hair Dryers for Background Noise;Hair Dryer Collection,Hair Dryer Collection for Background Noise,Hair Salon,36,74700,False,0.0,2.03e-05,5,-8.018,1,0.0,0.99,0.999,0.989,0.0,0.0,0,sleep,tempo_nonpositive_review; time_signature_zero_review
101492,3Myq90aABjKvdh2dKhJMiv,Deep Sleep Hair Dryers;Hair Dryers for Background Noise;Hair Dryer Collection,Hair Dryer Collection for Background Noise,Hair Dryer on High - Stationary,37,88305,False,0.0,0.000594,4,-11.661,1,0.0,0.236,0.999,0.961,0.0,0.0,0,sleep,tempo_nonpositive_review; time_signature_zero_review
101513,3jpY2gUd3DOnDr4WPuMRHx,Deep Sleep;Relaxation And Meditation;Relax;Ontspanning Sound;Relajacion Del Mar,White Noise Collection,Pure Brown Noise - Loopable with No Fade,36,71397,False,0.0,2.01e-05,10,-17.502,0,0.0,0.0,0.124,0.688,0.0,0.0,0,sleep,tempo_nonpositive_review; time_signature_zero_review
101515,7Fta9aJyI2O8lZ7OZ4qwmS,Silent Knights,White Noise Hoover,Calm Hoover Noise,36,128000,False,0.0,0.00048,6,-9.423,1,0.0,0.124,0.992,0.909,0.0,0.0,0,sleep,tempo_nonpositive_review; time_signature_zero_review
101517,5m00VnXlz8yRKmCXVgJCEa,Electric Dreams,Electric Fan (Sound Masking Fan),Electric Fan (Sound Masking Fan),36,3600014,False,0.0,0.000512,11,-35.129,1,0.0,0.947,0.384,0.112,0.0,0.0,0,sleep,duration_over_20_minutes_review; tempo_nonpositive_review; time_signature_zero_review
101522,33wp91bmIk1XYn7aKxMone,"Spa;Spa, Relaxation and Dreams;Relax Meditate Sleep;Loopable;Lullaby Land","White Noise Spa Collection - 50 Shades of Ambience (Loopable Audio for Insomnia, Meditation and Restless Children)",Clean White Noise,35,72651,False,0.0,2.03e-05,9,-8.327,1,0.0,0.112,0.331,0.663,0.0,0.0,0,sleep,tempo_nonpositive_review; time_signature_zero_review
101533,5ytXTFuW4KjkHw5siVJeA5,Deep Sleep Hair Dryers;Hair Dryers for Background Noise;Hair Dryer Collection,Hair Dryer Collection for Background Noise,Plastic Hair Dryer - Stationary,36,77037,False,0.0,0.657,3,-8.158,1,0.0,0.974,0.999,0.983,0.0,0.0,0,sleep,tempo_nonpositive_review; time_signature_zero_review
101534,423KoEUpycHLNi4vesOPpT,Deep Sleep Systems;Deep Sleep;Organic Sound;Water Sound Natural White Noise;Fresh Water Sounds For Inner Peace,"Water Spa Meditations (click Shuffle, Repeat, Cross Fade, and Gapless for continuous unique soundscape)",Rushing Cold Icelandic Waterfall,36,83856,False,0.0,0.0403,1,-21.209,1,0.0,0.16,0.998,0.93,0.0,0.0,0,sleep,tempo_nonpositive_review; time_signature_zero_review
101535,0bDFsdF1BdtWzjqE2Vfxvl,White Noise Meditation,Background Noise For Baby Sleep,Clean White Noise - Loopable with No Fade,36,73442,False,0.0,2.03e-05,10,-34.919,1,0.0,0.889,0.403,0.153,0.0,0.0,0,sleep,tempo_nonpositive_review; time_signature_zero_review
101536,2mRc9bJZTUoMjWzbGwGBGy,Granular,Pink Noise For Sleep,Pink Noise For Sleep 1,37,94205,False,0.0,0.0116,2,-22.048,1,0.0,0.927,0.483,0.121,0.0,0.0,0,sleep,tempo_nonpositive_review; time_signature_zero_review
101538,0jZmx4t0Fg4SJxJj0jnAdU,White Noise Sleep Sounds,Soothing White Noise,White Noise - Loopable With No Fade,37,74217,False,0.0,0.00332,10,-49.307,0,0.0,0.91,0.849,0.101,0.0,0.0,0,sleep,tempo_nonpositive_review; time_signature_zero_review
101540,4YukH0BeXhJmcCmz2BBRke,Baby Sleep White Noise,Relaxing Loopable White Noise,Box Fan - Loopable With No Fade,36,78600,False,0.0,0.000257,5,-42.995,0,0.0,0.977,0.949,0.0995,0.0,0.0,0,sleep,tempo_nonpositive_review; time_signature_zero_review
101563,3pcxWBIDqlJBmQmlzWjY9n,White Noise Relaxation;Outside Broadcast Recordings;White Noise For Baby Sleep;White Noise Research;Relajacion Del Mar;El Ruidio Blanco,"Pink, White, Blue and Brown Noises",Pure Brown Noise,35,71397,False,0.0,2.01e-05,10,-17.502,0,0.0,0.0,0.124,0.688,0.0,0.0,0,sleep,tempo_nonpositive_review; time_signature_zero_review
101569,71JJl3lf8EqGs98hpd9k6B,Pink Noise,The Best Pink Noise,Pink Noise Relaxation,35,300001,False,0.0,6.03e-05,10,-12.822,0,0.0,0.127,0.985,0.237,0.0,0.0,0,sleep,tempo_nonpositive_review; time_signature_zero_review
101573,7JiNqs52r97rOOjad76JhD,"Lightning, Thunder and Rain Storm;Thunderstorms;Spa Music;Thunder Storm;Thunderstorm Sleep;Sounds Of Nature : Thunderstorm, Rain","Rain Drop Medley of Roof, Thunder, Forest, Car, and More (Loopable Audio for Insomnia, Meditation and Restless Children)",Heavier Rain Fall with Thunder,36,77121,False,0.0,0.406,9,-18.691,1,0.0,0.0,0.757,0.357,0.0,0.0,0,sleep,tempo_nonpositive_review; time_signature_zero_review
101577,3gIEb1mxGFTMlJAkaYaG2Q,Sleep Baby Sleep;Relaxation;White Noise Meditation;Spa Relaxation & Spa;Rest & Relax;Deep Sleep,"Brown Noise, White Noise, and Binaural Beats Entrainment (Loopable with no Fade)",Pure White Noise - Loopable with No Fade,35,73886,False,0.0,0.0,0,-8.437,0,0.0,0.0,0.0,0.0,0.0,0.0,0,sleep,tempo_nonpositive_review; time_signature_zero_review
101580,45J6Es4wJ5GpAjZgt9QXb8,Vacuum Cleaner White Noise;Lullaby Land;Lullabyes;White Noise for Deeper Sleep;White Noise for Newborns,"Vacuums for Rest and Relaxation (Loopable Audio for Insomnia, Meditation, and Restless Children)",Stronger Motor Vacuum Cleaner with high pitched motor tones - Non Stationary,35,85516,False,0.0,2.03e-05,6,-0.689,1,0.0,0.986,0.696,0.486,0.0,0.0,0,sleep,tempo_nonpositive_review; time_signature_zero_review
101585,57HQqFBEYSIkM4zzbsF4TP,Granular,Brown Noise For Sleep,Brown Noise For Sleep 5,36,86250,False,0.0,2.01e-05,2,-21.969,1,0.0,0.0,1.0,0.161,0.0,0.0,0,sleep,tempo_nonpositive_review; time_signature_zero_review
101589,4xGBr91n9vWRweKI0hd3u2,Rain Sounds,Rainfall,Spa Rain,35,97219,False,0.0,0.00743,8,-19.901,1,0.0,1.46e-06,0.807,0.414,0.0,0.0,0,sleep,tempo_nonpositive_review; time_signature_zero_review
101591,53z8ah9wlzvII7pnmmjBJX,Granular,Pink Noise For Sleep,Pink Noise For Sleep 5,36,103177,False,0.0,0.653,10,-26.865,1,0.0,0.985,0.227,0.111,0.0,0.0,0,sleep,tempo_nonpositive_review; time_signature_zero_review
101595,5V8TEDGMTyYx8nBFz94C0a,Weißes Rauschen HD,"Weißes Geräusch Für Tiefen Schlaf, Tinnitus Und Meditation",Weißes Rauschen: Löschen Sie Den Geist,35,101120,False,0.0,8.83e-05,0,-24.547,1,0.0,0.823,0.553,0.388,0.0,0.0,0,sleep,tempo_nonpositive_review; time_signature_zero_review
101597,4HulNbrL7VILLuHV9tsADy,Weißes Rauschen HD,"Weißes Geräusch Für Tiefen Schlaf, Tinnitus Und Meditation",Weißes Rauschen: Aufwachen Total Entspannt,35,105770,False,0.0,7.99e-05,10,-33.727,1,0.0,0.977,0.988,0.11,0.0,0.0,0,sleep,tempo_nonpositive_review; time_signature_zero_review
101598,7nOk0pfj4DqDglEjgaJ0EG,Weißes Rauschen HD,"Weißes Geräusch Für Tiefen Schlaf, Tinnitus Und Meditation",Weißes Rauschen: Entspannende Stimmungen,35,88229,False,0.0,0.000267,1,-23.02,1,0.0,0.926,0.345,0.174,0.0,0.0,0,sleep,tempo_nonpositive_review; time_signature_zero_review
101616,7LVTRCPF8OeR35VexfK1XO,Loopable,Loopable Ambience of Brown Noise and Brown Waves,Brown Noise Waves,35,93451,False,0.0,2.03e-05,1,-18.75,1,0.0,0.113,0.94,0.363,0.0,0.0,0,sleep,tempo_nonpositive_review; time_signature_zero_review
101617,7aqkiFyBFMmJPIT0hkY4MK,Loopable,Loopable Ambience of Brown Noise and Brown Waves,Pure Brown Noise - Loopable with no fade,34,71397,False,0.0,2.01e-05,10,-17.502,0,0.0,0.0,0.124,0.688,0.0,0.0,0,sleep,tempo_nonpositive_review; time_signature_zero_review
101619,63gkPI6zuRKPAfvfkZ2U1s,Sleep Baby Sleep;Soothing White Noise for Sleeping Babies;Soothing White Noise for Relaxation;Lullaby Land;Hush Little Baby,"Loopable Fans, Air Conditioner, and an Office Shredder",Home Air Filterer Unit,35,75980,False,0.0,0.0038,1,-26.68,1,0.0,5.52e-05,0.144,0.117,0.0,0.0,0,sleep,tempo_nonpositive_review; time_signature_zero_review
101621,5qVRWUq8ECJaWTx2rE2kUD,Sleep Baby Sleep;White Noise Babies;White Noise For Baby Sleep;Spa Relaxation;Spa Relaxation & Spa,"Soothing Brown Noise, Brown Waves and other Ambeint Sounds for Rest and Ambiance (Loopable and without Fade)",Soothing Brown Noise Waves,35,93451,False,0.0,2.03e-05,1,-18.75,1,0.0,0.113,0.94,0.363,0.0,0.0,0,sleep,tempo_nonpositive_review; time_signature_zero_review
101631,517zFFE01WR7zuNONic10C,White Noise Babies;White Noise for Babies,Loopable White Noise,Air Conditioner - Loopable With No Fade (feat. White Noise For Babies),34,77482,False,0.0,0.000638,1,-42.864,1,0.0,0.98,0.833,0.0983,0.0,0.0,0,sleep,tempo_nonpositive_review; time_signature_zero_review
101632,6QOJC2iyu06ZVIh4iZT1oR,Deep Sleep Vacuum Cleaners;White Noise Vacuum Cleaner;Relaxing Vacuum Cleaners,Vacuum Cleaners for Background Noise,Deeper Sounding Vacuum Cleaner 2 - Stationary,34,78739,False,0.0,5.9e-05,3,-7.296,1,0.0,0.996,0.969,0.346,0.0,0.0,0,sleep,tempo_nonpositive_review; time_signature_zero_review
101633,33BhBduJ2m2FQ0cYpl0aQE,Deep Sleep Systems;White Noise Meditation;Rain Sounds;Fade Away Sleep Sounds;Fresh Water Spa,Pure Brown Noise and Ambient Combinations (Loopable and without Fade),Pouring Rain with Pure Brown Noise - Loopable with no fade,35,61020,False,0.0,2.03e-05,2,-14.51,1,0.0,0.0,0.0,0.838,0.0,0.0,0,sleep,tempo_nonpositive_review; time_signature_zero_review
101646,1vv0nOmOAXE8ZxKHwovfGp,Rain Sounds;Sleep Sounds of Nature,"Rain Sounds: Meditaton Rain Sounds, Massage and Spa Music for Yoga, Soothing Ambient Sleep Sounds, Baby Sleep Aid","White Noise (Loopable, No Fade)",34,139036,False,0.0,2.82e-05,4,-29.564,1,0.0,0.36,0.903,0.966,0.0,0.0,0,sleep,tempo_nonpositive_review; time_signature_zero_review
101663,55wsymeCqNNMiS6i0isfJk,Sleep Baby Sleep;Relax & Relax;Relax Meditate Sleep;Deep Sleep Lullabies;Deep Meditation Lullabies,"Fans, Air Units, and Other Office Ambiences (Loopable Audio for Ambiance, Meditation, Insomnia, and Restless Children)",Outside Air Unit 2,34,64102,False,0.0,0.000262,10,-16.68,0,0.0,0.175,0.585,0.581,0.0,0.0,0,sleep,tempo_nonpositive_review; time_signature_zero_review
101666,3DXFilykRL3IDMqYERMkSH,Pink Noise,Pink Noise,Pink Noise for Sleeping,34,240000,False,0.0,7.95e-05,10,-12.882,1,0.0,0.118,0.971,0.235,0.0,0.0,0,sleep,tempo_nonpositive_review; time_signature_zero_review
101667,0oZIxlpMddqBvTigKs2dLI,Meditation Spa;Spa;Deep Sleep Relaxation;White Noise Nature Sounds Baby Sleep;Mute Button;Spa Relaxation & Spa,White Noise Spa Collection - 50 Shades of Ambience (Loopable and without fade),Buffered White Noise,34,93451,False,0.0,2.03e-05,1,-9.316,1,0.0,0.186,0.00105,0.497,0.0,0.0,0,sleep,tempo_nonpositive_review; time_signature_zero_review
101668,65EFrQhBfJ5Zr7bd7j2vG4,Nature Sounds,Nature Sounds (Ultimate Nature Sounds over 8 Hours of Nature),Nature Sounds Rain Long,34,1943380,False,0.0655,0.588,8,-25.297,1,0.214,0.00637,0.51,0.348,0.029,76.561,3,sleep,duration_over_20_minutes_review
101672,56WrmyFZZhiYShdXV3pOWE,Vacuum Cleaner White Noise;Baby Sweet Dream,Soothing Sleeping Sounds,Air Conditioner - Loopable With No Fade - Baby Sleep,34,77482,False,0.0,0.000638,1,-42.864,1,0.0,0.98,0.833,0.0983,0.0,0.0,0,sleep,tempo_nonpositive_review; time_signature_zero_review
101681,1WCpq85hZdiov2DN39Sqfd,Deep Sleep Hair Dryers;Hair Dryer Collection;Hair Dryer Sounds,Hair Dryers,Hair Dryer Sound 19 - Loopable With No Fade,34,84000,False,0.0,6.4e-05,6,-22.073,1,0.0,0.777,0.999,0.915,0.0,0.0,0,sleep,tempo_nonpositive_review; time_signature_zero_review
101682,5Yrsl8Y4882HA3vjcjIdkm,Granular,Pink Noise For Sleep,Pink Noise For Sleep 7,34,85233,False,0.0,0.0831,2,-27.014,1,0.0,0.583,0.987,0.108,0.0,0.0,0,sleep,tempo_nonpositive_review; time_signature_zero_review
101688,07mVi0yV5t6ckS0A11VYxN,White Noise Sleep Sounds;Sleep Sound Library,Loopable White Noise Sleep Sounds,Air Conditioner - Loopable With No Fade,34,77482,False,0.0,0.000638,1,-42.864,1,0.0,0.98,0.833,0.0983,0.0,0.0,0,sleep,tempo_nonpositive_review; time_signature_zero_review
101690,5yXpOUto49XyhZAVsbggNo,White Noise Baby Sleep,White Static Sleep Noise,Spray Paint,34,77316,False,0.0,0.183,11,-38.574,1,0.0,0.202,0.351,0.254,0.0,0.0,0,sleep,tempo_nonpositive_review; time_signature_zero_review
101698,6eu7S3v7Py2gw3eukxiHbD,Weißes Rauschen HD,"Weißes Geräusch Für Tiefen Schlaf, Tinnitus Und Meditation",Weißes Rauschen: Hintergrund Lärm Für Schlaf,34,104292,False,0.0,0.000174,1,-23.436,1,0.0,0.921,0.748,0.211,0.0,0.0,0,sleep,tempo_nonpositive_review; time_signature_zero_review
101729,0XsJEXpDjyrTR08Su32Vpy,Water Sound Natural White Noise,White Noise Spa – Calming Noises,Healing Noises for Insomniac,34,62000,False,0.0,0.0052,8,-17.886,1,0.0,0.108,0.555,0.589,0.0,0.0,0,sleep,tempo_nonpositive_review; time_signature_zero_review
101733,2bhLx29FJZ6aDUxPsKzpz3,Sleep Baby Sleep;Rain Sounds;Calm Children Collection;Soothing Nature Sounds;Rain Sounds & Nature Sounds,"Rain Drop Medley of Roof, Thunder, Forest, Car, and More (Loopable Audio for Insomnia, Meditation, and Restless Children)",Pouring Rain and Soothing Brown Noise,33,93451,False,0.0,4.28e-05,2,-18.683,1,0.0,0.194,0.999,0.718,0.0,0.0,0,sleep,tempo_nonpositive_review; time_signature_zero_review
101743,68bHNMOv11rVzVs6QJFvIv,"Rain Sounds;Sounds Of Nature : Thunderstorm, Rain;The Rain Library","20 Sleeping Rain Sounds - Cure Insomnia, Sleep 8 Hours & Wake Refreshed",Continuous Rain,34,162495,False,0.0,0.998,11,-25.885,0,0.0,0.132,0.942,0.891,0.0,0.0,0,sleep,tempo_nonpositive_review; time_signature_zero_review
101744,2WhCcPMlgs7ZpjtWZ1d17G,White Noise Babies;Binaural Beats Sleep;Binaural Beats,Theta Waves for Babies Baby Sleep,Box Fan Noise,34,60000,False,0.0,0.000103,2,-29.6,1,0.0,0.957,0.0204,0.676,0.0,0.0,0,sleep,tempo_nonpositive_review; time_signature_zero_review
101768,7zWjTNurzoewvg2puGRJPx,Silent Knights,White Noise Hoover,Sleepy Hoover,33,128000,False,0.0,0.359,7,-7.687,0,0.0,0.67,0.961,0.753,0.0,0.0,0,sleep,tempo_nonpositive_review; time_signature_zero_review
101774,0j5Dyj6udsCYDDgkExIXGC,Silent Knights,White Noise Hoover,Calming Hoover,33,160000,False,0.0,0.178,0,-7.704,0,0.0,0.187,0.981,0.57,0.0,0.0,0,sleep,tempo_nonpositive_review; time_signature_zero_review
101776,7aobMbEFBMR9BuQOHWLdMi,Sleep Baby Sleep;White Noise Meditation;Delta Don and Theta Mind Cream;Soothing White Noise for Relaxation;Binaural Beats,"Brown Noise, White Noise, and Binaural Beats Entrainment (Loopable with no Fade)",Brown Noise with Binaural Beats - Theta - Loopable with No Fade,33,73886,False,0.0,0.475,9,-21.019,0,0.0,0.914,0.851,0.315,0.0,0.0,0,sleep,tempo_nonpositive_review; time_signature_zero_review
101790,45s4g0TaXB7YCtUNNwI3Xs,Tmsoft’s White Noise Sleep Sounds,Fan Sounds for Sleep and Relaxation Volume 1,Box Fan on High,33,1800000,False,0.149,0.000252,10,-17.17,0,0.128,0.11,0.297,0.131,0.0264,107.146,3,sleep,duration_over_20_minutes_review
101792,6jMzlM5eXPdjBxB1mya2qs,Tmsoft’s White Noise Sleep Sounds,Pink Noise Sound,Pink Noise Sound,33,590000,False,0.0,2.03e-05,2,-9.651,1,0.0,0.155,0.916,0.444,0.0,0.0,0,sleep,tempo_nonpositive_review; time_signature_zero_review
101797,1U4qWTytgM8NPfJzax6Gqh,White Noise Sleep Sounds;Static White Noise Sounds;Real White Noise,White Noise Sleep Sounds,"White Noise - Loopable, No Fade",33,142305,False,0.0,1.95e-05,0,-9.879,1,0.0,0.0,0.0,0.0,0.0,0.0,0,sleep,tempo_nonpositive_review; time_signature_zero_review
101822,3EyvunG6quJJH2UxwkXGGf,Rain Sounds Factory STHLM,Rain And Wave Machines,Rain Sound : Loopable Rain,33,156000,False,0.0,8e-05,3,-15.066,1,0.0,0.00181,0.984,0.569,0.0,0.0,0,sleep,tempo_nonpositive_review; time_signature_zero_review
101825,6X15g6tStyh5vmC9wfM4RP,Meditation Spa;Spa;Deep Sleep Relaxation;White Noise Nature Sounds Baby Sleep;Mute Button;Spa Relaxation & Spa,"White Noise Spa Collection - 50 Shades of Ambience (Loopable Audio for Insomnia, Meditation and Restless Children)",Buffered White Noise,33,93451,False,0.0,2.03e-05,1,-9.316,1,0.0,0.186,0.00105,0.497,0.0,0.0,0,sleep,tempo_nonpositive_review; time_signature_zero_review
101830,6kbS5Z8RVWDH9ieymklT2v,Granular,Band-Pass,Pink Noise - BP 100 hz,33,186000,False,0.0,0.00158,10,-36.24,1,0.0,0.98,0.985,0.103,0.0,0.0,0,sleep,tempo_nonpositive_review; time_signature_zero_review
101833,6ezXeofP0Vfj59TuNelDlP,White Noise Therapy,White Noise Sleep Aid,White Noise for Babies,33,256000,False,0.0,2.03e-05,4,-11.254,1,0.0,0.142,0.734,0.505,0.0,0.0,0,sleep,tempo_nonpositive_review; time_signature_zero_review
101835,2j6c4aqDGK2HdkAGLbNGf9,Sound Sleeping,Sleep (Rain Sounds Compilation),Ankara Rain Skies,33,291833,False,0.0,0.994,11,-17.981,1,0.0,0.991,0.436,0.965,0.0,0.0,0,sleep,tempo_nonpositive_review; time_signature_zero_review
101841,6Oi367MytaNMr5I0U0zf2v,Granular,Pink Noise For Sleep,Pink Noise For Sleep 9,33,76261,False,0.0,0.000173,0,-27.962,1,0.0,0.945,0.108,0.105,0.0,0.0,0,sleep,tempo_nonpositive_review; time_signature_zero_review
101867,5aiHbzqqmnqowqyarJi8MU,Baby Sweet Dream,Hair Dryer (Baby White Noise Series),Hair Dryer (Baby White Noise Series),32,300000,False,0.0,0.0333,0,-25.706,1,0.0,0.981,1.0,0.971,0.0,0.0,0,sleep,tempo_nonpositive_review; time_signature_zero_review
101870,7L2HJIqrlb3L3SpjH66uO5,Outside Broadcast Recordings,White Noise for Restless Babies,White Noise: Kettles,33,40000,False,0.0,0.446,9,-8.968,0,0.0,0.447,0.992,0.946,0.0,0.0,0,sleep,tempo_nonpositive_review; time_signature_zero_review
101875,4THWkFVhSnDQzhh0khcVbp,White Noise Therapy,White Noise Therapy Vol. 1,Hidden Waterfall,32,422974,False,0.0,2.03e-05,11,-13.813,0,0.0,0.2,1.0,0.32,0.0,0.0,0,sleep,tempo_nonpositive_review; time_signature_zero_review
101888,5utUKeJ2ZG9KCZbvdEzPfa,White Noise Sleep Sounds,Soothing White Noise,Soothing White Noise - Loopable With No Fade,32,65248,False,0.0,0.000687,10,-49.531,0,0.0,0.908,0.943,0.101,0.0,0.0,0,sleep,tempo_nonpositive_review; time_signature_zero_review
101890,6o7NS54MaKCb0jvlMNlYGy,Granular,Pink Noise For Sleep,Pink Noise For Sleep 2,33,100934,False,0.0,0.167,1,-28.114,1,0.0,0.369,0.481,0.112,0.0,0.0,0,sleep,tempo_nonpositive_review; time_signature_zero_review
101894,6EulzmjzMXbl9tMuTOnpfJ,White Noise Baby Sleep;White Noise for Babies;White Noise For Baby Sleep;Natural Sounds;Nature & Sounds Backgrounds,"Rain Drop Medley of Roof, Thunder, Forest, Car, and More (Loopable Audio for Insomnia, Meditation and Restless Children)",The Early Morning Rain,32,87873,False,0.0,0.955,0,-20.356,1,0.0,0.139,0.997,0.425,0.0,0.0,0,sleep,tempo_nonpositive_review; time_signature_zero_review
101898,6ZQwcKEFr41pdeHUXOy9d5,Granular,Unison,White Noise - BP 940 hz,33,158709,False,0.0,2.03e-05,8,-25.693,0,0.0,0.754,0.00641,0.962,0.0,0.0,0,sleep,tempo_nonpositive_review; time_signature_zero_review
101914,4O5xErTIU7SLQ6QJ6SUc0D,The Ocean Waves Sounds,Relaxing Ocean Waves,Ocean Sounds: Relaxing Wind - Loopable,32,128916,False,0.0,0.0555,1,-17.352,1,0.0,0.844,0.965,0.631,0.0,0.0,0,sleep,tempo_nonpositive_review; time_signature_zero_review
101919,7fKV63uloCWmzj3HMQWZOS,Baby Sweet Dream,Baby White Noise Series - White Noise Collection,Hair Dryer,32,300000,False,0.0,0.0333,0,-25.706,1,0.0,0.981,1.0,0.971,0.0,0.0,0,sleep,tempo_nonpositive_review; time_signature_zero_review
101921,3oTdidJI8aabNqgSU1WjLE,ASMR HD,Asmr - Relaxing Box Fan Sounds,Asmr: Sleepy Box Fan,32,187106,False,0.0,2.02e-05,2,-13.615,0,0.0,0.112,0.905,0.585,0.0,0.0,0,sleep,tempo_nonpositive_review; time_signature_zero_review
101933,2ZUSMbv6oiNLdcSg0RpQsz,Granular,30 Minutes White Noise Yoga Trip,One Start Trip,32,180000,False,0.0,2.03e-05,1,-23.712,1,0.0,0.865,0.65,0.944,0.0,0.0,0,sleep,tempo_nonpositive_review; time_signature_zero_review
101935,7FUp5BALAs8wy0D3LjUyMj,Deep Sleep Hair Dryers;Hair Dryers for Background Noise;Hair Dryer Collection,Hair Dryer Collection for Background Noise,Hair Dryer on High - Stationary,32,88305,False,0.0,0.000594,4,-11.661,1,0.0,0.236,0.999,0.961,0.0,0.0,0,sleep,tempo_nonpositive_review; time_signature_zero_review
101939,1gMuHUxFRYRDAmdfG3mmNM,White Noise Babies,Loopable White Noise For Baby Sleep,Air Conditioner - Loopable Without Fade,32,77482,False,0.0,0.000638,1,-42.864,1,0.0,0.98,0.833,0.0983,0.0,0.0,0,sleep,tempo_nonpositive_review; time_signature_zero_review
101940,3Y4VTVeGZhchi8mZdAfmfD,Vacuum Cleaner White Noise,Colic Sweep Vacuum Cleaner White Noise (The Best White Noise For Any Colic Baby),Vacuum Cleaner White Noise,32,3600120,False,0.0989,0.0134,8,-22.592,1,0.0673,0.958,0.871,0.119,0.0272,91.202,4,sleep,duration_over_20_minutes_review
101949,1VfdHjChKjH3cRgWVqDqyb,White Noise Baby Sleep,White Noise for Sleeping Babies,"White Noise Relaxation for Calming Down Fussy Infant Baby, Sleepy Toddler or Child",61,593754,False,0.0,0.373,10,-16.469,0,0.0,0.153,0.999,0.726,0.0,0.0,0,sleep,tempo_nonpositive_review; time_signature_zero_review
101954,01M0YRamUAhV0XMPZrUIky,Binaural Beats Brain Waves Isochronic Tones Brain Wave Entrainment,! ! ! ! ! Whispers ! ! ! ! !,Static Rainstorm,32,99030,False,0.0,2.01e-05,1,-25.162,1,0.0,0.0,0.977,0.32,0.0,0.0,0,sleep,tempo_nonpositive_review; time_signature_zero_review
101966,0mP9EwPHeiKQfhtKWW2vzG,Meditation Spa;Relax Meditate Sleep;Relaxation;Namaste;Relajante Marrón Ruido,Appliances and other Household Ambiences (Loopable background noises),Brown Waves - Loopable,32,93451,False,0.0,2.03e-05,1,-18.75,1,0.0,0.113,0.94,0.363,0.0,0.0,0,sleep,tempo_nonpositive_review; time_signature_zero_review
101967,29onW5ZW7dAXETPIdCYwf8,Loopable,Rain Sounds and other Ambiences (Loopable and without Fade),Office Air Conditioners,31,41066,False,0.0,0.0628,10,-28.528,0,0.0,0.981,0.0539,0.111,0.0,0.0,0,sleep,tempo_nonpositive_review; time_signature_zero_review
101971,0RdcTCLn8hIQvLVaqsZLPg,Meditation Spa;Deep Sleep;White Noise Therapy;Relaxation;Deep Sleep Relaxation;Deep Sleep Meditation,Appliances and other Household Ambiences (Loopable background noises),Pure Brown Noise - Loopable Background,32,71397,False,0.0,2.01e-05,10,-17.502,0,0.0,0.0,0.124,0.688,0.0,0.0,0,sleep,tempo_nonpositive_review; time_signature_zero_review
101979,1BgBMNz7I7NEOiP1LNeKqh,Granular,H2O,Brown Noise - Waterfall,32,113569,False,0.0,0.514,2,-19.258,0,0.0,0.272,0.968,0.111,0.0,0.0,0,sleep,tempo_nonpositive_review; time_signature_zero_review
101980,4kbZ4InJwTJlITcyUXsP1y,Baby Sleep Lullaby Academy,"Natural White Noise to Help Your Baby Sleep – Relaxing and Soothing Sounds of Hairdryer, Vacuum Cleaner, Ocean Waves, Car Engine, Mother's Heartbeat and Other",Vacum Cleaner,32,300000,False,0.0,0.00593,5,-25.195,1,0.0,0.908,0.973,0.96,0.0,0.0,0,sleep,tempo_nonpositive_review; time_signature_zero_review
101984,18uUw1Stb2demvWXH7ZwMN,Vacuum Cleaner White Noise;Baby Sweet Dream,Soothing Sleeping Sounds,Clean White Noise - Loopable With No Fade - Baby Sleep,31,86373,False,0.0,0.00224,10,-40.606,1,0.0,0.971,0.717,0.105,0.0,0.0,0,sleep,tempo_nonpositive_review; time_signature_zero_review
101985,4bayyxzcVfy6yE8UDTamjU,Deep Sleep Hair Dryers;Hair Dryers for Background Noise;Hair Dryer Collection,Hair Dryer Collection for Background Noise,Hotel Hair Dryer - Non-Stationary,32,81548,False,0.0,0.999,7,-7.477,1,0.0,0.358,0.999,0.965,0.0,0.0,0,sleep,tempo_nonpositive_review; time_signature_zero_review
101986,1TQHup7ICgn33yWMgnkUyw,Tmsoft’s White Noise Sleep Sounds,Extreme Rain,Extreme Rain,31,590000,False,0.0,0.0353,1,-24.325,1,0.0,0.0,4.8e-05,0.424,0.0,0.0,0,sleep,tempo_nonpositive_review; time_signature_zero_review
101988,5gEKRH0MCSegG8ZISUPaU2,Granular,The World Of,Tin White Noise,32,182050,False,0.0,2.03e-05,1,-16.187,1,0.0,0.00385,0.903,0.921,0.0,0.0,0,sleep,tempo_nonpositive_review; time_signature_zero_review
101993,6H0kAiSAFB84jX7dgEDWd6,Rain Sounds,Rain,Rain: Natural Recording,32,84219,False,0.0,0.0254,8,-19.925,1,0.0,1.54e-06,0.838,0.339,0.0,0.0,0,sleep,tempo_nonpositive_review; time_signature_zero_review
112172,0jdfbvSdaWvxfAlD20TtNc,Yaşlı Amca,Akşamüstü,Sanki Yapamadım,44,213198,False,0.442,0.567,8,-6.346,0,0.0516,0.238,0.000325,0.0852,0.639,138.616,0,turkish,time_signature_zero_review
113390,0D3Sk50zjkHC7RZCSntomo,Mc_team,Música Relajante Para Calmar La Mente,Cantos Gregorianos Sanadores,29,1457998,False,0.144,0.0389,2,-27.084,0,0.0463,0.985,0.688,0.096,0.0334,77.219,3,world-music,duration_over_20_minutes_review
113428,5EYzrykQ95uOmepteDi9KT,El Ruido Blanco;Soñoliento Juan;Mantra para Dormir,Aire Acondicionado de Ruido Blanco,Aire de verano,27,128000,False,0.0,0.188,8,-25.837,0,0.0,0.139,0.339,0.122,0.0,0.0,0,world-music,tempo_nonpositive_review; time_signature_zero_review
113688,2EnZf7wbFv7ST4CJ3EvNzT,El Ruido Blanco,Ruido Blanco para el bebé: sonidos relajantes para bebés recién nacidos para ayudar a dormir,Ruido Rosa Puro - Una Hora Versión,24,3601693,False,0.0,2.03e-05,1,-11.165,1,0.0,0.186,1.0,0.362,0.0,0.0,0,world-music,duration_over_20_minutes_review; tempo_nonpositive_review; time_signature_zero_review
113856,6XsYJ0dwT2hRzp0Qles78F,Колыбельная-земля,Расслабляющие звуки - белый шум для вашего ребенка,Пылесос (Белый шум),22,302185,False,0.0,0.224,8,-10.224,1,0.0,0.142,0.986,0.411,0.0,0.0,0,world-music,tempo_nonpositive_review; time_signature_zero_review
